tick,time,FrameTime
6,2.10167,692.657
7,2.78324,681.568
8,3.4718,688.559
9,4.1534,681.601
10,4.84438,690.985
11,5.52581,681.428
